James,Butt,Orleans,jbutt@gmail.com
Josephine,Darakjy,Livingston,josephine_darakjy@darakjy.org
Art,Venere,Gloucester,art@venere.org
Lenna,Paprocki,Anchorage,lpaprocki@hotmail.com
Donette,Foller,Butler,donette.foller@cox.net
Simona,Morasca,Ashland,simona@morasca.com
Mitsue,Tollner,Cook,mitsue_tollner@yahoo.com
Leota,Dilliard,Santa Clara,leota@hotmail.com
Sage,Wieser,Minnehaha,sage_wieser@cox.net
Kris,Marrier,Baltimore City,kris@gmail.com
Minna,Amigon,Montgomery,minna_amigon@yahoo.com
Abel,Maclead,Suffolk,amaclead@gmail.com
Kiley,Caldarera,Los Angeles,kiley.caldarera@aol.com
Graciela,Ruta,Geauga,gruta@cox.net
Cammy,Albares,Webb,calbares@gmail.com
Mattie,Poquette,Maricopa,mattie@aol.com
Meaghan,Garufi,Warren,meaghan@hotmail.com
Gladys,Rim,Milwaukee,gladys.rim@rim.org
Yuki,Whobrey,Wayne,yuki_whobrey@aol.com
Fletcher,Flosi,Winnebago,fletcher.flosi@yahoo.com
Bette,Nicka,Delaware,bette_nicka@cox.net
Veronika,Inouye,Santa Clara,vinouye@aol.com
Willard,Kolmetz,Dallas,willard@hotmail.com
Maryann,Royster,Albany,mroyster@royster.com
Alisha,Slusarski,Middlesex,alisha@slusarski.com
Allene,Iturbide,Portage,allene_iturbide@cox.net
Chanel,Caudy,Johnson,chanel.caudy@caudy.org
Ezekiel,Chui,Talbot,ezekiel@chui.com
Willow,Kusko,New York,wkusko@yahoo.com
Bernardo,Figeroa,Montgomery,bfigeroa@aol.com
Ammie,Corrio,Franklin,ammie@corrio.com
Francine,Vocelka,Dona Ana,francine_vocelka@vocelka.com
Ernie,Stenseth,Bergen,ernie_stenseth@aol.com
Albina,Glick,Middlesex,albina@glick.com
Alishia,Sergi,New York,asergi@gmail.com
Solange,Shinko,Jefferson,solange@shinko.com
Jose,Stockham,New York,jose@yahoo.com
Rozella,Ostrosky,Ventura,rozella.ostrosky@ostrosky.com
Valentine,Gillian,Bexar,valentine_gillian@gmail.com
Kati,Rulapaugh,Dickinson,kati.rulapaugh@hotmail.com
Youlanda,Schemmer,Crook,youlanda@aol.com
Dyan,Oldroyd,Johnson,doldroyd@aol.com
Roxane,Campain,Fairbanks North Star,roxane@hotmail.com
Lavera,Perin,Miami-Dade,lperin@perin.org
Erick,Ferencz,Fairbanks North Star,erick.ferencz@aol.com
Fatima,Saylors,Hennepin,fsaylors@saylors.org
Jina,Briddick,Suffolk,jina_briddick@briddick.com
Kanisha,Waycott,Los Angeles,kanisha_waycott@yahoo.com
Emerson,Bowley,Dane,emerson.bowley@bowley.org
Blair,Malet,Philadelphia,bmalet@yahoo.com
Brock,Bolognia,New York,bbolognia@yahoo.com
Lorrie,Nestle,Coffee,lnestle@hotmail.com
Sabra,Uyetake,Richland,sabra@uyetake.org
Marjory,Mastella,Delaware,mmastella@mastella.com
Karl,Klonowski,Hunterdon,karl_klonowski@yahoo.com
Tonette,Wenner,Nassau,twenner@aol.com
Amber,Monarrez,Montgomery,amber_monarrez@monarrez.org
Shenika,Seewald,Los Angeles,shenika@gmail.com
Delmy,Ahle,Providence,delmy.ahle@hotmail.com
Deeanna,Juhas,Montgomery,deeanna_juhas@gmail.com
Blondell,Pugh,Providence,bpugh@aol.com
Jamal,Vanausdal,Middlesex,jamal@vanausdal.org
Cecily,Hollack,Travis,cecily@hollack.org
Carmelina,Lindall,Douglas,carmelina_lindall@lindall.com
Maurine,Yglesias,Milwaukee,maurine_yglesias@yglesias.com
Tawna,Buvens,New York,tawna@gmail.com
Penney,Weight,Anchorage,penney_weight@aol.com
Elly,Morocco,Erie,elly_morocco@gmail.com
Ilene,Eroman,Anne Arundel,ilene.eroman@hotmail.com
Vallie,Mondella,Ada,vmondella@mondella.com
Kallie,Blackwood,San Francisco,kallie.blackwood@gmail.com
Johnetta,Abdallah,Orange,johnetta_abdallah@aol.com
Bobbye,Rhym,San Mateo,brhym@rhym.com
Micaela,Rhymes,Contra Costa,micaela_rhymes@gmail.com
Tamar,Hoogland,Madison,tamar@hotmail.com
Moon,Parlato,Allegany,moon@yahoo.com
Laurel,Reitler,Baltimore City,laurel_reitler@reitler.com
Delisa,Crupi,Essex,delisa.crupi@crupi.com
Viva,Toelkes,Cook,viva.toelkes@gmail.com
Elza,Lipke,Essex,elza@yahoo.com
Devorah,Chickering,Curry,devorah@hotmail.com
Timothy,Mulqueen,Richmond,timothy_mulqueen@mulqueen.org
Arlette,Honeywell,Duval,ahoneywell@honeywell.com
Dominque,Dickerson,Alameda,dominque.dickerson@dickerson.org
Lettie,Isenhower,Cuyahoga,lettie_isenhower@yahoo.com
Myra,Munns,Tarrant,mmunns@cox.net
Stephaine,Barfield,Los Angeles,stephaine@barfield.com
Lai,Gato,Cook,lai.gato@gato.org
Stephen,Emigh,Summit,stephen_emigh@hotmail.com
Tyra,Shields,Philadelphia,tshields@gmail.com
Tammara,Wardrip,San Mateo,twardrip@cox.net
Cory,Gibes,Los Angeles,cory.gibes@gmail.com
Danica,Bruschke,McLennan,danica_bruschke@gmail.com
Wilda,Giguere,Anchorage,wilda@cox.net
Elvera,Benimadho,Santa Clara,elvera.benimadho@cox.net
Carma,Vanheusen,Alameda,carma@cox.net
Malinda,Hochard,Marion,malinda.hochard@yahoo.com
Natalie,Fern,Sweetwater,natalie.fern@hotmail.com
Lisha,Centini,Fairfax,lisha@centini.org
Arlene,Klusman,Orleans,arlene_klusman@gmail.com
Alease,Buemi,Boulder,alease@buemi.com
Louisa,Cronauer,Alameda,louisa@cronauer.com
Angella,Cetta,Honolulu,angella.cetta@hotmail.com
Cyndy,Goldammer,Dakota,cgoldammer@cox.net
Rosio,Cork,Guilford,rosio.cork@gmail.com
Celeste,Korando,Nassau,ckorando@hotmail.com
Twana,Felger,Washington,twana.felger@felger.org
Estrella,Samu,Rock,estrella@aol.com
Donte,Kines,Worcester,dkines@hotmail.com
Tiffiny,Steffensmeier,Miami-Dade,tiffiny_steffensmeier@cox.net
Edna,Miceli,Erie,emiceli@miceli.org
Sue,Kownacki,Dallas,sue@aol.com
Jesusa,Shin,Coffee,jshin@shin.com
Rolland,Francescon,Passaic,rolland@cox.net
Pamella,Schmierer,Miami-Dade,pamella.schmierer@schmierer.org
Glory,Kulzer,Baltimore,gkulzer@kulzer.org
Shawna,Palaspas,Ventura,shawna_palaspas@palaspas.org
Brandon,Callaro,Honolulu,brandon_callaro@hotmail.com
Scarlet,Cartan,Dougherty,scarlet.cartan@yahoo.com
Oretha,Menter,Suffolk,oretha_menter@yahoo.com
Ty,Smith,Bergen,tsmith@aol.com
Xuan,Rochin,San Mateo,xuan@gmail.com
Lindsey,Dilello,San Bernardino,lindsey.dilello@hotmail.com
Devora,Perez,Alameda,devora_perez@perez.org
Herman,Demesa,Rensselaer,hdemesa@cox.net
Rory,Papasergi,Lackawanna,rpapasergi@cox.net
Talia,Riopelle,Essex,talia_riopelle@aol.com
Van,Shire,Hunterdon,van.shire@shire.com
Lucina,Lary,Brevard,lucina_lary@cox.net
Bok,Isaacs,Bronx,bok.isaacs@aol.com
Rolande,Spickerman,Honolulu,rolande.spickerman@spickerman.com
Howard,Paulas,Denver,hpaulas@gmail.com
Kimbery,Madarang,Morris,kimbery_madarang@cox.net
Thurman,Manno,Atlantic,thurman.manno@yahoo.com
Becky,Mirafuentes,Union,becky.mirafuentes@mirafuentes.com
Beatriz,Corrington,Plymouth,beatriz@yahoo.com
Marti,Maybury,Cook,marti.maybury@yahoo.com
Nieves,Gotter,Multnomah,nieves_gotter@gmail.com
Leatha,Hagele,Dallas,lhagele@cox.net
Valentin,Klimek,Cook,vklimek@klimek.org
Melissa,Wiklund,Hancock,melissa@cox.net
Sheridan,Zane,Riverside,sheridan.zane@zane.com
Bulah,Padilla,McLennan,bulah_padilla@hotmail.com
Audra,Kohnert,Davidson,audra@kohnert.com
Daren,Weirather,Milwaukee,dweirather@aol.com
Fernanda,Jillson,Caroline,fjillson@aol.com
Gearldine,Gellinger,Dallas,gearldine_gellinger@gellinger.com
Chau,Kitzman,Los Angeles,chau@gmail.com
Theola,Frey,Nassau,theola_frey@frey.com
Cheryl,Haroldson,Atlantic,cheryl@haroldson.org
Laticia,Merced,Hamilton,lmerced@gmail.com
Carissa,Batman,Lane,carissa.batman@yahoo.com
Lezlie,Craghead,Johnston,lezlie.craghead@craghead.org
Ozell,Shealy,New York,oshealy@hotmail.com
Arminda,Parvis,Maricopa,arminda@parvis.com
Reita,Leto,Marion,reita.leto@gmail.com
Yolando,Luczki,Onondaga,yolando@cox.net
Lizette,Stem,Camden,lizette.stem@aol.com
Gregoria,Pawlowicz,Nassau,gpawlowicz@yahoo.com
Carin,Deleo,Pulaski,cdeleo@deleo.com
Chantell,Maynerich,Ramsey,chantell@yahoo.com
Dierdre,Yum,Philadelphia,dyum@yahoo.com
Larae,Gudroe,Terrebonne,larae_gudroe@gmail.com
Latrice,Tolfree,Suffolk,latrice.tolfree@hotmail.com
Kerry,Theodorov,Sacramento,kerry.theodorov@gmail.com
Dorthy,Hidvegi,Ada,dhidvegi@yahoo.com
Fannie,Lungren,Williamson,fannie.lungren@yahoo.com
Evangelina,Radde,Philadelphia,evangelina@aol.com
Novella,Degroot,Hawaii,novella_degroot@degroot.org
Clay,Hoa,Washoe,choa@hoa.org
Jennifer,Fallick,Cook,jfallick@yahoo.com
Irma,Wolfgramm,Morris,irma.wolfgramm@hotmail.com
Eun,Coody,Spartanburg,eun@yahoo.com
Sylvia,Cousey,Carroll,sylvia_cousey@cousey.org
Nana,Wrinkles,Westchester,nana@aol.com
Layla,Springe,New York,layla.springe@cox.net
Joesph,Degonia,Alameda,joesph_degonia@degonia.org
Annabelle,Boord,Middlesex,annabelle.boord@cox.net
Stephaine,Vinning,San Francisco,stephaine@cox.net
Nelida,Sawchuk,Bergen,nelida@gmail.com
Marguerita,Hiatt,Contra Costa,marguerita.hiatt@gmail.com
Carmela,Cookey,Cook,ccookey@cookey.org
Junita,Brideau,Essex,jbrideau@aol.com
Claribel,Varriano,Wood,claribel_varriano@cox.net
Benton,Skursky,Los Angeles,benton.skursky@aol.com
Hillary,Skulski,Citrus,hillary.skulski@aol.com
Merilyn,Bayless,Santa Clara,merilyn_bayless@cox.net
Teri,Ennaco,Luzerne,tennaco@gmail.com
Merlyn,Lawler,Hudson,merlyn_lawler@hotmail.com
Georgene,Montezuma,Contra Costa,gmontezuma@cox.net
Jettie,Mconnell,Somerset,jmconnell@hotmail.com
Lemuel,Latzke,Suffolk,lemuel.latzke@gmail.com
Melodie,Knipp,Ventura,mknipp@gmail.com
Candida,Corbley,Somerset,candida_corbley@hotmail.com
Karan,Karpin,Washington,karan_karpin@gmail.com
Andra,Scheyer,Marion,andra@gmail.com
Felicidad,Poullion,Burlington,fpoullion@poullion.com
Belen,Strassner,Douglas,belen_strassner@aol.com
Gracia,Melnyk,Duval,gracia@melnyk.com
Jolanda,Hanafan,Penobscot,jhanafan@gmail.com
Barrett,Toyama,Tarrant,barrett.toyama@toyama.org
Helga,Fredicks,Erie,helga_fredicks@yahoo.com
Ashlyn,Pinilla,Miami-Dade,apinilla@cox.net
Fausto,Agramonte,New York,fausto_agramonte@yahoo.com
Ronny,Caiafa,Philadelphia,ronny.caiafa@caiafa.org
Marge,Limmel,Okaloosa,marge@gmail.com
Norah,Waymire,San Francisco,norah.waymire@gmail.com
Aliza,Baltimore,Santa Clara,aliza@aol.com
Mozell,Pelkowski,San Mateo,mpelkowski@pelkowski.org
Viola,Bitsuie,Los Angeles,viola@gmail.com
Franklyn,Emard,Philadelphia,femard@emard.com
Willodean,Konopacki,Lafayette,willodean_konopacki@konopacki.org
Beckie,Silvestrini,Wayne,beckie.silvestrini@silvestrini.com
Rebecka,Gesick,Travis,rgesick@gesick.org
Frederica,Blunk,Dallas,frederica_blunk@gmail.com
Glen,Bartolet,King,glen_bartolet@hotmail.com
Freeman,Gochal,Chester,freeman_gochal@aol.com
Vincent,Meinerding,Philadelphia,vincent.meinerding@hotmail.com
Rima,Bevelacqua,Los Angeles,rima@cox.net
Glendora,Sarbacher,Sonoma,gsarbacher@gmail.com
Avery,Steier,Orange,avery@cox.net
Cristy,Lother,San Diego,cristy@lother.com
Nicolette,Brossart,Worcester,nicolette_brossart@brossart.com
Tracey,Modzelewski,Montgomery,tracey@hotmail.com
Virgina,Tegarden,Milwaukee,virgina_tegarden@tegarden.com
Tiera,Frankel,Los Angeles,tfrankel@aol.com
Alaine,Bergesen,Westchester,alaine_bergesen@cox.net
Earleen,Mai,Dallas,earleen_mai@cox.net
Leonida,Gobern,Harrison,leonida@gobern.org
Ressie,Auffrey,Miami-Dade,ressie.auffrey@yahoo.com
Justine,Mugnolo,New York,jmugnolo@yahoo.com
Eladia,Saulter,Bergen,eladia@saulter.com
Chaya,Malvin,Washtenaw,chaya@malvin.com
Gwenn,Suffield,Suffolk,gwenn_suffield@suffield.org
Salena,Karpel,Stark,skarpel@cox.net
Yoko,Fishburne,New Haven,yoko@fishburne.com
Taryn,Moyd,Fairfax City,taryn.moyd@hotmail.com
Katina,Polidori,Middlesex,katina_polidori@aol.com
Rickie,Plumer,Lucas,rickie.plumer@aol.com
Alex,Loader,Pierce,alex@loader.com
Lashon,Vizarro,Placer,lashon@aol.com
Lauran,Burnard,Fremont,lburnard@burnard.com
Ceola,Setter,Knox,ceola.setter@setter.org
My,Rantanen,Bucks,my@hotmail.com
Lorrine,Worlds,Hillsborough,lorrine.worlds@worlds.com
Peggie,Sturiale,San Diego,peggie@cox.net
Marvel,Raymo,Brazos,mraymo@yahoo.com
Daron,Dinos,Lake,daron_dinos@cox.net
An,Fritz,Atlantic,an_fritz@hotmail.com
Portia,Stimmel,Somerset,portia.stimmel@aol.com
Rhea,Aredondo,Kings,rhea_aredondo@cox.net
Benedict,Sama,Saint Louis City,bsama@cox.net
Alyce,Arias,San Joaquin,alyce@arias.org
Heike,Berganza,Passaic,heike@gmail.com
Carey,Dopico,Marion,carey_dopico@dopico.org
Dottie,Hellickson,King,dottie@hellickson.org
Deandrea,Hughey,Alamance,deandrea@yahoo.com
Kimberlie,Duenas,Ellis,kimberlie_duenas@yahoo.com
Martina,Staback,Orange,martina_staback@staback.com
Skye,Fillingim,Hennepin,skye_fillingim@yahoo.com
Jade,Farrar,Richland,jade.farrar@yahoo.com
Charlene,Hamilton,Sonoma,charlene.hamilton@hotmail.com
Geoffrey,Acey,Cook,geoffrey@gmail.com
Stevie,Westerbeck,Orange,stevie.westerbeck@yahoo.com
Pamella,Fortino,Denver,pamella@fortino.com
Harrison,Haufler,New Haven,hhaufler@hotmail.com
Johnna,Engelberg,Snohomish,jengelberg@engelberg.org
Buddy,Cloney,Cuyahoga,buddy.cloney@yahoo.com
Dalene,Riden,Rockingham,dalene.riden@aol.com
Jerry,Zurcher,Brevard,jzurcher@zurcher.org
Haydee,Denooyer,New York,hdenooyer@denooyer.org
Joseph,Cryer,Orange,joseph_cryer@cox.net
Deonna,Kippley,Oakland,deonna_kippley@hotmail.com
Raymon,Calvaresi,Marion,raymon.calvaresi@gmail.com
Alecia,Bubash,Wichita,alecia@aol.com
Ma,Layous,New Haven,mlayous@hotmail.com
Detra,Coyier,Harford,detra@aol.com
Terrilyn,Rodeigues,Orleans,terrilyn.rodeigues@cox.net
Salome,Lacovara,Richmond City,slacovara@gmail.com
Garry,Keetch,Bucks,garry_keetch@hotmail.com
Matthew,Neither,Scott,mneither@yahoo.com
Theodora,Restrepo,Miami-Dade,theodora.restrepo@restrepo.com
Noah,Kalafatis,Milwaukee,noah.kalafatis@aol.com
Carmen,Sweigard,Somerset,csweigard@sweigard.com
Lavonda,Hengel,Cass,lavonda@cox.net
Junita,Stoltzman,Carson City,junita@aol.com
Herminia,Nicolozakes,Maricopa,herminia@nicolozakes.org
Casie,Good,Davidson,casie.good@aol.com
Reena,Maisto,Wicomico,reena@hotmail.com
Mirta,Mallett,New York,mirta_mallett@gmail.com
Cathrine,Pontoriero,Randall,cathrine.pontoriero@pontoriero.com
Filiberto,Tawil,Los Angeles,ftawil@hotmail.com
Raul,Upthegrove,San Diego,rupthegrove@yahoo.com
Sarah,Candlish,Fulton,sarah.candlish@gmail.com
Lucy,Treston,Worcester,lucy@cox.net
Judy,Aquas,Berrien,jaquas@aquas.com
Yvonne,Tjepkema,Essex,yvonne.tjepkema@hotmail.com
Kayleigh,Lace,Lafayette,kayleigh.lace@yahoo.com
Felix,Hirpara,Lancaster,felix_hirpara@cox.net
Tresa,Sweely,Saint Louis,tresa_sweely@hotmail.com
Kristeen,Turinetti,Tarrant,kristeen@gmail.com
Jenelle,Regusters,Hillsborough,jregusters@regusters.com
Renea,Monterrubio,Fulton,renea@hotmail.com
Olive,Matuszak,Riverside,olive@aol.com
Ligia,Reiber,Ingham,lreiber@cox.net
Christiane,Eschberger,Maricopa,christiane.eschberger@yahoo.com
Goldie,Schirpke,Penobscot,goldie.schirpke@yahoo.com
Loreta,Timenez,Prince Georges,loreta.timenez@hotmail.com
Fabiola,Hauenstein,York,fabiola.hauenstein@hauenstein.org
Amie,Perigo,Dallas,amie.perigo@yahoo.com
Raina,Brachle,Silver Bow,raina.brachle@brachle.org
Erinn,Canlas,Essex,erinn.canlas@canlas.com
Cherry,Lietz,Oakland,cherry@lietz.com
Kattie,Vonasek,Cuyahoga,kattie@vonasek.org
Lilli,Scriven,Taylor,lilli@aol.com
Whitley,Tomasulo,Tarrant,whitley.tomasulo@aol.com
Barbra,Adkin,Kings,badkin@hotmail.com
Hermila,Thyberg,Providence,hermila_thyberg@hotmail.com
Jesusita,Flister,Lancaster,jesusita.flister@hotmail.com
Caitlin,Julia,Providence,caitlin.julia@julia.org
Roosevelt,Hoffis,Miami-Dade,roosevelt.hoffis@aol.com
Helaine,Halter,Hudson,hhalter@yahoo.com
Lorean,Martabano,Bexar,lorean.martabano@hotmail.com
France,Buzick,Kings,france.buzick@yahoo.com
Justine,Ferrario,Los Angeles,jferrario@hotmail.com
Adelina,Nabours,Cuyahoga,adelina_nabours@gmail.com
Derick,Dhamer,New York,ddhamer@cox.net
Jerry,Dallen,Richmond City,jerry.dallen@yahoo.com
Leota,Ragel,Chattooga,leota.ragel@gmail.com
Jutta,Amyot,Lafayette,jamyot@hotmail.com
Aja,Gehrett,Essex,aja_gehrett@hotmail.com
Kirk,Herritt,Broome,kirk.herritt@aol.com
Leonora,Mauson,Passaic,leonora@yahoo.com
Winfred,Brucato,Latah,winfred_brucato@hotmail.com
Tarra,Nachor,San Francisco,tarra.nachor@cox.net
Corinne,Loder,Bristol,corinne@loder.org
Dulce,Labreche,Oakland,dulce_labreche@yahoo.com
Kate,Keneipp,Brown,kate_keneipp@yahoo.com
Kaitlyn,Ogg,Baltimore City,kaitlyn.ogg@gmail.com
Sherita,Saras,El Paso,sherita.saras@cox.net
Lashawnda,Stuer,Lucas,lstuer@cox.net
Ernest,Syrop,Prince Georges,ernest@cox.net
Nobuko,Halsey,Bristol,nobuko.halsey@yahoo.com
Lavonna,Wolny,Fairfax,lavonna.wolny@hotmail.com
Lashaunda,Lizama,Anne Arundel,llizama@cox.net
Mariann,Bilden,Travis,mariann.bilden@aol.com
Helene,Rodenberger,Maricopa,helene@aol.com
Roselle,Estell,Crawford,roselle.estell@hotmail.com
Samira,Heintzman,King,sheintzman@hotmail.com
Margart,Meisel,Hamilton,margart_meisel@yahoo.com
Kristofer,Bennick,Monroe,kristofer.bennick@yahoo.com
Weldon,Acuff,Cook,wacuff@gmail.com
Shalon,Shadrick,Kings,shalon@cox.net
Denise,Patak,Orange,denise@patak.org
Louvenia,Beech,Los Angeles,louvenia.beech@beech.com
Audry,Yaw,Hillsborough,audry.yaw@yaw.org
Kristel,Ehmann,El Paso,kristel.ehmann@aol.com
Vincenza,Zepp,San Diego,vzepp@gmail.com
Elouise,Gwalthney,Prince Georges,egwalthney@yahoo.com
Venita,Maillard,Orange,venita_maillard@gmail.com
Kasandra,Semidey,Saint Louis City,kasandra_semidey@semidey.com
Xochitl,Discipio,Williamson,xdiscipio@gmail.com
Maile,Linahan,Guilford,mlinahan@yahoo.com
Krissy,Rauser,Suffolk,krauser@cox.net
Pete,Dubaldi,Bergen,pdubaldi@hotmail.com
Linn,Paa,Shelby,linn_paa@paa.com
Paris,Wide,Fulton,paris@hotmail.com
Wynell,Dorshorst,San Mateo,wynell_dorshorst@dorshorst.org
Quentin,Birkner,Dakota,qbirkner@aol.com
Regenia,Kannady,Maricopa,regenia.kannady@cox.net
Sheron,Louissant,Queens,sheron@aol.com
Izetta,Funnell,Dekalb,izetta.funnell@hotmail.com
Rodolfo,Butzen,Rice,rodolfo@hotmail.com
Zona,Colla,Fairfield,zona@hotmail.com
Serina,Zagen,Allen,szagen@aol.com
Paz,Sahagun,Lauderdale,paz_sahagun@cox.net
Markus,Lukasik,Macomb,markus@yahoo.com
Jaclyn,Bachman,El Paso,jaclyn@aol.com
Cyril,Daufeldt,New York,cyril_daufeldt@daufeldt.com
Gayla,Schnitzler,Alameda,gschnitzler@gmail.com
Erick,Nievas,Cook,erick_nievas@aol.com
Jennie,Drymon,Lackawanna,jennie@cox.net
Mitsue,Scipione,Butte,mscipione@scipione.com
Ciara,Ventura,Orange,cventura@yahoo.com
Galen,Cantres,Cuyahoga,galen@yahoo.com
Truman,Feichtner,Essex,tfeichtner@yahoo.com
Gail,Kitty,Anchorage,gail@kitty.com
Dalene,Schoeneck,Philadelphia,dalene@schoeneck.org
Gertude,Witten,Hamilton,gertude.witten@gmail.com
Lizbeth,Kohl,Los Angeles,lizbeth@yahoo.com
Glenn,Berray,Polk,gberray@gmail.com
Lashandra,Klang,Montgomery,lashandra@yahoo.com
Lenna,Newville,Wake,lnewville@newville.com
Laurel,Pagliuca,Benton,laurel@yahoo.com
Mireya,Frerking,Westchester,mireya.frerking@hotmail.com
Annelle,Tagala,Baltimore,annelle@yahoo.com
Dean,Ketelsen,Nassau,dean_ketelsen@gmail.com
Levi,Munis,Worcester,levi.munis@gmail.com
Sylvie,Ryser,Tulsa,sylvie@aol.com
Sharee,Maile,Muskegon,sharee_maile@aol.com
Cordelia,Storment,Lafayette,cordelia_storment@aol.com
Mollie,Mcdoniel,Wood,mollie_mcdoniel@yahoo.com
Brett,Mccullan,San Diego,brett.mccullan@mccullan.com
Teddy,Pedrozo,Fairfield,teddy_pedrozo@aol.com
Tasia,Andreason,Hudson,tasia_andreason@yahoo.com
Hubert,Walthall,Summit,hubert@walthall.org
Arthur,Farrow,Bergen,arthur.farrow@yahoo.com
Vilma,Berlanga,Kent,vberlanga@berlanga.com
Billye,Miro,Rankin,billye_miro@cox.net
Glenna,Slayton,Shelby,glenna_slayton@cox.net
Mitzie,Hudnall,Arapahoe,mitzie_hudnall@yahoo.com
Bernardine,Rodefer,Shelby,bernardine_rodefer@yahoo.com
Staci,Schmaltz,Los Angeles,staci_schmaltz@aol.com
Nichelle,Meteer,Cook,nichelle_meteer@meteer.com
Janine,Rhoden,Queens,jrhoden@yahoo.com
Ettie,Hoopengardner,Benton,ettie.hoopengardner@hotmail.com
Eden,Jayson,Baltimore City,eden_jayson@yahoo.com
Lynelle,Auber,Essex,lynelle_auber@gmail.com
Merissa,Tomblin,Los Angeles,merissa.tomblin@gmail.com
Golda,Kaniecki,Ocean,golda_kaniecki@yahoo.com
Catarina,Gleich,Morris,catarina_gleich@hotmail.com
Virgie,Kiel,Denver,vkiel@hotmail.com
Jolene,Ostolaza,Newport News City,jolene@yahoo.com
Keneth,Borgman,Maricopa,keneth@yahoo.com
Rikki,Nayar,Miami-Dade,rikki@nayar.com
Elke,Sengbusch,Maricopa,elke_sengbusch@yahoo.com
Hoa,Sarao,Volusia,hoa@sarao.org
Trinidad,Mcrae,San Francisco,trinidad_mcrae@yahoo.com
Mari,Lueckenbach,San Diego,mari_lueckenbach@yahoo.com
Selma,Husser,Hudson,selma.husser@cox.net
Antione,Onofrio,San Bernardino,aonofrio@onofrio.com
Luisa,Jurney,Middlesex,ljurney@hotmail.com
Clorinda,Heimann,San Diego,clorinda.heimann@hotmail.com
Dick,Wenzinger,Los Angeles,dick@yahoo.com
Ahmed,Angalich,Dauphin,ahmed.angalich@angalich.com
Iluminada,Ohms,Maricopa,iluminada.ohms@yahoo.com
Joanna,Leinenbach,Palm Beach,joanna_leinenbach@hotmail.com
Caprice,Suell,Davidson,caprice@aol.com
Stephane,Myricks,Boone,stephane_myricks@cox.net
Quentin,Swayze,Monroe,quentin_swayze@yahoo.com
Annmarie,Castros,Montgomery,annmarie_castros@gmail.com
Shonda,Greenbush,Passaic,shonda_greenbush@cox.net
Cecil,Lapage,Hudson,clapage@lapage.com
Jeanice,Claucherty,Miami-Dade,jeanice.claucherty@yahoo.com
Josphine,Villanueva,Clay,josphine_villanueva@villanueva.com
Daniel,Perruzza,Orange,dperruzza@perruzza.com
Cassi,Wildfong,Cook,cassi.wildfong@aol.com
Britt,Galam,Montgomery,britt@galam.org
Adell,Lipkin,Morris,adell.lipkin@lipkin.com
Jacqueline,Rowling,Erie,jacqueline.rowling@yahoo.com
Lonny,Weglarz,Salt Lake,lonny_weglarz@gmail.com
Lonna,Diestel,Cumberland,lonna_diestel@gmail.com
Cristal,Samara,Los Angeles,cristal@cox.net
Kenneth,Grenet,Ingham,kenneth.grenet@grenet.org
Elli,Mclaird,Oneida,emclaird@mclaird.com
Alline,Jeanty,St Joseph,ajeanty@gmail.com
Sharika,Eanes,Orange,sharika.eanes@aol.com
Nu,Mcnease,Hudson,nu@gmail.com
Daniela,Comnick,Mercer,dcomnick@cox.net
Cecilia,Colaizzo,Dane,cecilia_colaizzo@colaizzo.com
Leslie,Threets,Westchester,leslie@cox.net
Nan,Koppinger,Guilford,nan@koppinger.com
Izetta,Dewar,Baltimore City,idewar@dewar.com
Tegan,Arceo,Middlesex,tegan.arceo@arceo.org
Ruthann,Keener,Kerr,ruthann@hotmail.com
Joni,Breland,Cook,joni_breland@cox.net
Vi,Rentfro,Monmouth,vrentfro@cox.net
Colette,Kardas,Douglas,colette.kardas@yahoo.com
Malcolm,Tromblay,Fairfax,malcolm_tromblay@cox.net
Ryan,Harnos,Collin,ryan@cox.net
Jess,Chaffins,New York,jess.chaffins@chaffins.org
Sharen,Bourbon,Nassau,sbourbon@yahoo.com
Nickolas,Juvera,Citrus,nickolas_juvera@cox.net
Gary,Nunlee,Hancock,gary_nunlee@nunlee.org
Diane,Devreese,Buchanan,diane@cox.net
Roslyn,Chavous,Hinds,roslyn.chavous@chavous.org
Glory,Schieler,Taylor,glory@yahoo.com
Rasheeda,Sayaphon,Santa Clara,rasheeda@aol.com
Alpha,Palaia,Camden,alpha@yahoo.com
Refugia,Jacobos,Alameda,refugia.jacobos@jacobos.com
Shawnda,Yori,Seminole,shawnda.yori@yahoo.com
Mona,Delasancha,Laramie,mdelasancha@hotmail.com
Gilma,Liukko,Nassau,gilma_liukko@gmail.com
Janey,Gabisi,Dane,jgabisi@hotmail.com
Lili,Paskin,Hudson,lili.paskin@cox.net
Loren,Asar,Lackawanna,loren.asar@aol.com
Dorothy,Chesterfield,San Diego,dorothy@cox.net
Gail,Similton,Riverside,gail_similton@similton.com
Catalina,Tillotson,Atlantic,catalina@hotmail.com
Lawrence,Lorens,Providence,lawrence.lorens@hotmail.com
Carlee,Boulter,Dickinson,carlee.boulter@hotmail.com
Thaddeus,Ankeny,Placer,tankeny@ankeny.org
Jovita,Oles,Volusia,joles@gmail.com
Alesia,Hixenbaugh,District of Columbia,alesia_hixenbaugh@hixenbaugh.org
Lai,Harabedian,Marin,lai@gmail.com
Brittni,Gillaspie,Ada,bgillaspie@gillaspie.com
Raylene,Kampa,Elkhart,rkampa@kampa.org
Flo,Bookamer,Box Butte,flo.bookamer@cox.net
Jani,Biddy,King,jbiddy@yahoo.com
Chauncey,Motley,Orange,chauncey_motley@aol.com
